FL	LF
Karen Yoon Fah LEE	"LEE, Karen Yoon Fah"
Xi XU	"XU, Xi"
Yuanxin WANG	"WANG, Yuanxin"
Sharon Shuang WU	"WU, Sharon Shuang"
Dennis Chin-Wing CHEUNG	"CHEUNG, Dennis Chin-Wing"
Samuel Francis GATES	"GATES, Samuel Francis"
Xiaoshan LI	"LI, Xiaoshan"
Ahmed Abdelnabi Mohamed Mohamed Attia ELSAWAH	"ELSAWAH, Ahmed Abdelnabi Mohamed Mohamed Attia"
Garbo Jia HU	"HU, Garbo Jia"
Robyn Elizabeth BRAY	"BRAY, Robyn Elizabeth"
Andy Luchuan LIU	"LIU, Andy Luchuan"
Bruce Baojun XU	"XU, Bruce Baojun"
Tiezhu DONG	"DONG, Tiezhu"
Yaohua QIN	"QIN, Yaohua"
Shuying LU	"LU, Shuying"
Nate Weidong LI	"LI, Nate Weidong"
Michael Mehrubon MAVLONI	"MAVLONI, Michael Mehrubon"
Jina YU	"YU, Jina"
Qin WANG	"WANG, Qin"
Yiwei LI	"LI, Yiwei"
Songming FENG	"FENG, Songming"
Cong LIU	"LIU, Cong"
Selcuk COLAKOGLU	"COLAKOGLU, Selcuk"
Keng Hong NG	"NG, Keng Hong"
Jude Shengxin ZHU	"ZHU, Jude Shengxin"
Qiang ZHANG	"ZHANG, Qiang"
Daniel Huada RUAN	"RUAN, Daniel Huada"
Jiaqi ZHANG	"ZHANG, Jiaqi"
Ko Un CHOI	"CHOI, Ko Un"
Stella Yan SHI	"SHI, Stella Yan"
Jianhui LI	"LI, Jianhui"
Emmy Hui LI	"LI, Emmy Hui"
Ying WANG	"WANG, Ying"
Xueshan ZHANG	"ZHANG, Xueshan"
Jianhua ZHU	"ZHU, Jianhua"
Wing Sun LI	"LI, Wing Sun"
Jing ZHAO	"ZHAO, Jing"
TAO XIONG	"XIONG, TAO"
Yuhan JI	"JI, Yuhan"
Wenmeng HE	"HE, Wenmeng"
Na JIANG	"JIANG, Na"
Monica Wen CHEN	"CHEN, Monica Wen"
Qiong LI	"LI, Qiong"
Echo Fanqin MENG	"MENG, Echo Fanqin"
William John AITCHISON	"AITCHISON, William John"
Charles Tong Lit LEUNG	"LEUNG, Charles Tong Lit"
Sophie Yufei SUN	"SUN, Sophie Yufei"
Sharon Hsiao-han CHEN	"CHEN, Sharon Hsiao-han"
Amran ALI	"ALI, Amran"
Zhihua LI	"LI, Zhihua"
Melody Xuesi FENG	"FENG, Melody Xuesi"
Wei ZHOU	"ZHOU, Wei"
Qi LI	"LI, Qi"
Junyang LI	"LI, Junyang"
Xiaoyi CHEN	"CHEN, Xiaoyi"
John Changjiang ZHANG	"ZHANG, John Changjiang"
Nancy Yalan LIU	"LIU, Nancy Yalan"
Maggie Xiaomeng LAN	"LAN, Maggie Xiaomeng"
Haipeng GUO	"GUO, Haipeng"
Minyu WU	"WU, Minyu"
Tian WANG	"WANG, Tian"
I-chun YANG	"YANG, I-chun"
Zong Chengwu	"Chengwu, Zong"
Chao ZHOU	"ZHOU, Chao"
Amy Hui ZHANG	"ZHANG, Amy Hui"
Zhi YU	"YU, Zhi"
Tyrone Ashley DAVIES	"DAVIES, Tyrone Ashley"
Judy Xin FENG	"FENG, Judy Xin"
Jiaofeng HUANG	"HUANG, Jiaofeng"
Michael Yuen Hon SO	"SO, Michael Yuen Hon"
Car Zhihui WU	"WU, Car Zhihui"
Yoma Yanxiao WEI	"WEI, Yoma Yanxiao"
Dennis Feng YUE	"YUE, Dennis Feng"
Hongjian SHI	"SHI, Hongjian"
Ki Ho JUN	"JUN, Ki Ho"
Sun LIU	"LIU, Sun"
Peimin CHEN	"CHEN, Peimin"
Gang HONG	"HONG, Gang"
Fernando MARTIN PASTOR	"PASTOR, Fernando MARTIN"
Ningzi PIAO	"PIAO, Ningzi"
Sunny Seon Phil JEONG	"JEONG, Sunny Seon Phil"
Alina Xiaohua LIU	"LIU, Alina Xiaohua"
Youssef EL HAOUSSINE	"HAOUSSINE, Youssef EL"
Anthony Andong LIU	"LIU, Anthony Andong"
Janey Xiaowei HUANG	"HUANG, Janey Xiaowei"
Ben Xiujian LIN	"LIN, Ben Xiujian"
Yuejia LUO	"LUO, Yuejia"
Gailan WEI	"WEI, Gailan"
Sunny Hong QIAN	"QIAN, Sunny Hong"
Duncan Roy WOOD	"WOOD, Duncan Roy"
Don Junyi CHAI	"CHAI, Don Junyi"
Thomas King-Ha WU	"WU, Thomas King-Ha"
Weimin LIU	"LIU, Weimin"
Dominic Doh-Ming MAN	"MAN, Dominic Doh-Ming"
Yahong GUO	"GUO, Yahong"
Runze DING	"DING, Runze"
Min ZHOU	"ZHOU, Min"
Edoardo MONACO	"MONACO, Edoardo"
Mandy Hongman HUANG	"HUANG, Mandy Hongman"
Jonathan Tyler AUSTIN	"AUSTIN, Jonathan Tyler"
Mandy Man LI	"LI, Mandy Man"
Uchenna Cyril EZE	"EZE, Uchenna Cyril"
Goliath Zhiyuan LI	"LI, Goliath Zhiyuan"
ZhuoHeng LUO	"LUO, ZhuoHeng"
Christopher Robin DOCKSTADER	"DOCKSTADER, Christopher Robin"
SiuTai TSIM	"TSIM, SiuTai"
Iris Wen WANG	"WANG, Iris Wen"
Rowan-Holly Menzies MCCAFFERY	"MCCAFFERY, Rowan-Holly Menzies"
Yuliang WANG	"WANG, Yuliang"
Shuchan LUO	"LUO, Shuchan"
Chang YAO	"YAO, Chang"
Raymond Shu Tak LEE	"LEE, Raymond Shu Tak"
I-Chien HSIEH	"HSIEH, I-Chien"
Roser CERVERA PAREJO	"PAREJO, Roser CERVERA"
Oksana KRYZHANIVSKA	"KRYZHANIVSKA, Oksana"
Angela Kit Fong MA	"MA, Angela Kit Fong"
Changhee LEE	"LEE, Changhee"
Jefferson FONG	"FONG, Jefferson"
Dianjing LI	"LI, Dianjing"
MD Nazrul ISLAM	"ISLAM, MD Nazrul"
Thomas Canhao XU	"XU, Thomas Canhao"
Darrell Desmond REA	"REA, Darrell Desmond"
Thomas Alexander STEIN	"STEIN, Thomas Alexander"
John Blair CORBETT	"CORBETT, John Blair"
Yujia HU	"HU, Yujia"
Andy Boyu LIN	"LIN, Andy Boyu"
Alan Wai-Lun LAI	"LAI, Alan Wai-Lun"
Veronica Qin GONG	"GONG, Veronica Qin"
Qiong Wu	"Wu, Qiong"
Jin SHEN	"SHEN, Jin"
Michelle Wenqian WANG	"WANG, Michelle Wenqian"
Xinwei DU	"DU, Xinwei"
Zhe XUANYUAN	"XUANYUAN, Zhe"
Tao HUANG	"HUANG, Tao"
Yunduan GAO	"GAO, Yunduan"
Raine RongRong CHEN	"CHEN, Raine RongRong"
Peng JIN	"JIN, Peng"
Vincent MCGURRAN	"MCGURRAN, Vincent"
Jingwei YANG	"YANG, Jingwei"
Raymond Xiaoyu LUO	"LUO, Raymond Xiaoyu"
Mo ZHENG	"ZHENG, Mo"
Xiaoling PENG	"PENG, Xiaoling"
Chally Chai Lee LIM	"LIM, Chally Chai Lee"
Ka Keung WONG	"WONG, Ka Keung"
Jianglun WU	"WU, Jianglun"
Eric Pengfei ZHAO	"ZHAO, Eric Pengfei"
Eric Derui TANG	"TANG, Eric Derui"
Chun Kit LAU	"LAU, Chun Kit"
Jennifer Shiqi ZHAO	"ZHAO, Jennifer Shiqi"
Darren Zhiquan WENG	"WENG, Darren Zhiquan"
Weifeng SU	"SU, Weifeng"
Ting HE	"HE, Ting"
Rebecca Miriam LEVIN	"LEVIN, Rebecca Miriam"
Zhengjun JIANG	"JIANG, Zhengjun"
Xiaoyang ZHAO	"ZHAO, Xiaoyang"
Maggie Dongmei DANG	"DANG, Maggie Dongmei"
Hendrik Lodewyk APPELGRYN	"APPELGRYN, Hendrik Lodewyk"
Donald Chiu-Hong LEE	"LEE, Donald Chiu-Hong"
Ge SONG	"SONG, Ge"
Renata Paulina WOJTCZAK	"WOJTCZAK, Renata Paulina"
Candy Jingjing CAI	"CAI, Candy Jingjing"
Sophie DUBOIS-PEPIN	Sophie DUBOIS-PEPIN
Junyan HE	"HE, Junyan"
Chon Io WONG	"WONG, Chon Io"
Yishan TANG	"TANG, Yishan"
Yuan YUAN	"YUAN, Yuan"
Sangwook HA	"HA, Sangwook"
Jenny Shujuan XIAO	"XIAO, Jenny Shujuan"
Jimmy Kam Fai LEE	"LEE, Jimmy Kam Fai"
Tian TANG	"TANG, Tian"
Donald Kwong Fuk CHAN	"CHAN, Donald Kwong Fuk"
William Wai Yip CHOW	"CHOW, William Wai Yip"
Zemin LU	"LU, Zemin"
Tze Ki Jackson HON	"HON, Tze Ki Jackson"
Tim Tianming YANG	"YANG, Tim Tianming"
Charlotte Suk Fun LO	"LO, Charlotte Suk Fun"
James Kwok Wai MA	"MA, James Kwok Wai"
Robert Yick Tak CHAN	"CHAN, Robert Yick Tak"
Shawn Shaolong TANG	"TANG, Shawn Shaolong"
Robert Earl BARRACANO	"BARRACANO, Robert Earl"
Wei Quan	"Quan, Wei"
Edith Yueran ZHANG	"ZHANG, Edith Yueran"
Ellen Shuo SHAN	"SHAN, Ellen Shuo"
Edie Yidi XU	"XU, Edie Yidi"
Sunshine Xi CHEN	"CHEN, Sunshine Xi"
Georgiy GREBNYEV	"GREBNYEV, Georgiy"
Jesse Owen HEARNS-BRANAMAN	Jesse Owen HEARNS-BRANAMAN
Sohee CHA	"CHA, Sohee"
Cherry Ling ZHENG	"ZHENG, Cherry Ling"
Xiaoping WU	"WU, Xiaoping"
Gil Lu WANG	"WANG, Gil Lu"
Young Yang LI	"LI, Young Yang"
Po-Shu AU	"AU, Po-Shu"
Sara Xiao CHANG	"CHANG, Sara Xiao"
Geuntae PARK	"PARK, Geuntae"
Helene Ying HAN	"HAN, Helene Ying"
Roy Ruoyi ZHANG	"ZHANG, Roy Ruoyi"
Guozhi CAI	"CAI, Guozhi"
Bing CHAN	"CHAN, Bing"
Ya WANG	"WANG, Ya"
Jianing CHEN	"CHEN, Jianing"
Hua Xiong HUANG	"HUANG, Hua Xiong"
Ning XIAO	"XIAO, Ning"
Jonathan James CORBETT	"CORBETT, Jonathan James"
Danny Chi Man LEONG	"LEONG, Danny Chi Man"
Arina Codruta ROTARU	"ROTARU, Arina Codruta"
Wenze FANG	"FANG, Wenze"
Qing Carol XIONG	"XIONG, Qing Carol"
Xuemei CHEN	"CHEN, Xuemei"
Zheng CHANG	"CHANG, Zheng"
Purrie Pui-Yee NG	"NG, Purrie Pui-Yee"
Rui MENG	"MENG, Rui"
Chuoxin MA	"MA, Chuoxin"
Xiaofeng CAI	"CAI, Xiaofeng"
Shan Mu ZHAO	"ZHAO, Shan Mu"
Paul Edward STEVENSON	"STEVENSON, Paul Edward"
Fubin YANG	"YANG, Fubin"
Shawn Xiang WANG	"WANG, Shawn Xiang"
Vincenzo DE MASI	"MASI, Vincenzo DE"
Jiaxing CHEN	"CHEN, Jiaxing"
Nicolas Remi Luc LANGRENE	"LANGRENE, Nicolas Remi Luc"
Min Hye CHO	"CHO, Min Hye"
Chunyan JI	"JI, Chunyan"
Jing HE	"HE, Jing"
Emily Ching Lai MA	"MA, Emily Ching Lai"
Yuki Xueqing YU	"YU, Yuki Xueqing"
Yangzhi JIANG	"JIANG, Yangzhi"
Cecilia Liu	"Liu, Cecilia"
Scott Sicong ZHANG	"ZHANG, Scott Sicong"
Joseph Joo Suk PARK	"PARK, Joseph Joo Suk"
Mi LIN	"LIN, Mi"
Donald Weston HARPER	"HARPER, Donald Weston"
Maggie Mei-Kit TANG	"TANG, Maggie Mei-Kit"
Sara Yaqian MO	"MO, Sara Yaqian"
Mars Siu Hong LEI	"LEI, Mars Siu Hong"
Cissy Qiaochu SUN	"SUN, Cissy Qiaochu"
Indika Jananda Borala LIYANAGE	"LIYANAGE, Indika Jananda Borala"
Liheng ZHANG	"ZHANG, Liheng"
Ian Yick Yan LIU	"LIU, Ian Yick Yan"
Johnston Hong-Chung WONG	"WONG, Johnston Hong-Chung"
Joseph Hsien-Tse LIANG	"LIANG, Joseph Hsien-Tse"
Eric Yong YANG	"YANG, Eric Yong"
Eason Xun LI	"LI, Eason Xun"
Kathryn Jing LIU	"LIU, Kathryn Jing"
Qingguo WANG	"WANG, Qingguo"
Arif MAHMOOD	"MAHMOOD, Arif"
Chi Man KWONG	"KWONG, Chi Man"
Qixing LI	"LI, Qixing"
Christina Lei Cheng KUOK	"KUOK, Christina Lei Cheng"
ZheHua HU	"HU, ZheHua"
Rita Lai-Ying CHAN	"CHAN, Rita Lai-Ying"
Amber Yu CHANG	"CHANG, Amber Yu"
Chen WANG	"WANG, Chen"
Mengqi LI	"LI, Mengqi"
Wei JIAO	"JIAO, Wei"
Xiaofei Song	"Song, Xiaofei"
Man Tat CHENG	"CHENG, Man Tat"
Peter Xiao LUO	"LUO, Peter Xiao"
Jackie Lay Kean YEOH	"YEOH, Jackie Lay Kean"
Sik Kwan TAI	"TAI, Sik Kwan"
Chiu Fai WONG	"WONG, Chiu Fai"
Caroline Xiaojing LU	"LU, Caroline Xiaojing"
Bingzhao WU	"WU, Bingzhao"
Jing HU	"HU, Jing"
Jose GALLEGO ALBERTOS FERNANDEZ MONTES	"MONTES, Jose GALLEGO ALBERTOS FERNANDEZ"
Jiajuan LIANG	"LIANG, Jiajuan"
Sebastian Jacques Manuel BOO	"BOO, Sebastian Jacques Manuel"
Aristeidis GKOUMAS	"GKOUMAS, Aristeidis"
Eva AIHUA ZHANG	"ZHANG, Eva AIHUA"
Siu Han CHAN	"CHAN, Siu Han"
Alma Ursula Rondez TESORERO	"TESORERO, Alma Ursula Rondez"
Angela Chunhua LIU	"LIU, Angela Chunhua"
Zhan CHEN	"CHEN, Zhan"
Yi-Lung KUO	"KUO, Yi-Lung"
Yawei GUO	"GUO, Yawei"
Edith Mei-Yee YAN	"YAN, Edith Mei-Yee"
Leonie Xuying LI	"LI, Leonie Xuying"
Andy Tat Keung TAM	"TAM, Andy Tat Keung"
Xucheng MENG	"MENG, Xucheng"
Ka Kit KWOK	"KWOK, Ka Kit"
David Matthew CONDUCT	"CONDUCT, David Matthew"
Adam Layne SINNOTT	"SINNOTT, Adam Layne"
Fan HU	"HU, Fan"
Donald Donglong CHEN	"CHEN, Donald Donglong"
Hannah Ying XIAO	"XIAO, Hannah Ying"
Solna Linna XING	"XING, Solna Linna"
Bohai ZHANG	"ZHANG, Bohai"
Stephen Zhengji QIAO	"QIAO, Stephen Zhengji"
Fang XIE	"XIE, Fang"
Jocelyn Ann FORD	"FORD, Jocelyn Ann"
Jianxin PAN	"PAN, Jianxin"
K.K Wanqi WAN	"WAN, K.K Wanqi"
Felix Xiaoyong WEI	"WEI, Felix Xiaoyong"
Lai Fong YANG	"YANG, Lai Fong"
Christian ASPALTER	"ASPALTER, Christian"
Hongnian YU	"YU, Hongnian"
Guoqiu ZHANG	"ZHANG, Guoqiu"
Wei JIANG	"JIANG, Wei"
Imran Pasha BUTT	"BUTT, Imran Pasha"
Elaine Ling XIN	"XIN, Elaine Ling"
Cathy Shujing ZHANG	"ZHANG, Cathy Shujing"
Tiger He XIAO	"XIAO, Tiger He"
John Kennth ULRICH JR	"JR, John Kennth ULRICH"
Shilei LI	"LI, Shilei"
Chi Ho John TANG	"TANG, Chi Ho John"
Cecilia Xiya ZHANG	"ZHANG, Cecilia Xiya"
Yurui HU	"HU, Yurui"
Xi WANG	"WANG, Xi"
Lihua CHEN	"CHEN, Lihua"
Kam Tong CHAN	"CHAN, Kam Tong"
Youmei LIU	"LIU, Youmei"
JuYoung LEE	"LEE, JuYoung"
Jenny Mengya ZHANG	"ZHANG, Jenny Mengya"
Liz Anjuan ZHUANG	"ZHUANG, Liz Anjuan"
Loi Lijun LUO	"LUO, Loi Lijun"
Wonjung LEE	"LEE, Wonjung"
May Ying WANG	"WANG, May Ying"
Caroline Xiaoxiao HE	"HE, Caroline Xiaoxiao"
Andy Shui-Lung FUNG	"FUNG, Andy Shui-Lung"
Tat Chee TSUI	"TSUI, Tat Chee"
Ricky Yuen-Tan HOU	"HOU, Ricky Yuen-Tan"
Kangte LUO	"LUO, Kangte"
Katharina YU SCHMIDT	"SCHMIDT, Katharina YU"
Wentao FAN	"FAN, Wentao"
Fanghua LI	"LI, Fanghua"
Yana DI	"DI, Yana"
Qiaoyun ZHANG	"ZHANG, Qiaoyun"
Ping HE	"HE, Ping"
Lily Lili LIU	"LIU, Lily Lili"
Daniel Hak Loong LAM	"LAM, Daniel Hak Loong"
Sujie PENG	"PENG, Sujie"
Kelly Di WU	"WU, Kelly Di"
Yuyan TANG	"TANG, Yuyan"
Man Kit Derek WAN	"WAN, Man Kit Derek"
Yi DING	"DING, Yi"
Liqun PENG	"PENG, Liqun"
Alexander Mark JAMES	"JAMES, Alexander Mark"
Lei ZHAO	"ZHAO, Lei"
Yu LI	"LI, Yu"
Angelica Mengjie ZHANG	"ZHANG, Angelica Mengjie"
Yanrui ZHOU	"ZHOU, Yanrui"
Eva AIHUA ZHANG	"ZHANG, Eva AIHUA"
Emily Jianjing TANG	"TANG, Emily Jianjing"
Ian Yick Yan LIU	"LIU, Ian Yick Yan"
Hongyu WU	"WU, Hongyu"
Sara Kar Bo WONG	"WONG, Sara Kar Bo"
Bo LEI	"LEI, Bo"
Vegas Demetrius JOHNSON	"JOHNSON, Vegas Demetrius"
Luis Miguel De Figueiredo Duarte Da ROSA DUQUE	"DUQUE, Luis Miguel De Figueiredo Duarte Da ROSA"
James Zhixiang YANG	"YANG, James Zhixiang"
Wilhelmus Johannes Helmut WARMENHOVEN	"WARMENHOVEN, Wilhelmus Johannes Helmut"
Lily Lin XIAO	"XIAO, Lily Lin"
Jonas Thomas KELSCH	"KELSCH, Jonas Thomas"
Ivan Yuhui DENG	"DENG, Ivan Yuhui"
Malila CARVALHO DE ALMEIDA PRADO	"PRADO, Malila CARVALHO DE ALMEIDA"
Bo YAN	"YAN, Bo"
Wei XU	"XU, Wei"
Jacqueline Wenjie WANG	"WANG, Jacqueline Wenjie"
Alex Wei Fung NG	"NG, Alex Wei Fung"
Karentina Alice ALBIN	"ALBIN, Karentina Alice"
Wiebe BAKKER	"BAKKER, Wiebe"
Meng HE	"HE, Meng"
Jill Juan LIU	"LIU, Jill Juan"
Xiaoling CHU	"CHU, Xiaoling"
Man Hung Alvin CHENG	"CHENG, Man Hung Alvin"
Gangzhi FAN	"FAN, Gangzhi"
Bei LUO	"LUO, Bei"
Long YUAN	"YUAN, Long"
Andrew Ji MA	"MA, Andrew Ji"
Ziyan LI	"LI, Ziyan"
Shuang CANG	"CANG, Shuang"
Jiani CHANG	"CHANG, Jiani"
Lily Bei LUO	"LUO, Lily Bei"
Ming-Lu WU	"WU, Ming-Lu"
Igor Filipe DO AMARAL	"AMARAL, Igor Filipe DO"
Li ZHI	"ZHI, Li"
Simon Xiaobin ZHAO	"ZHAO, Simon Xiaobin"
Lily Lili LIANG	"LIANG, Lily Lili"
Peng WANG	"WANG, Peng"
Siu Kee WONG	"WONG, Siu Kee"
Brian Mo LAM	"LAM, Brian Mo"
Donna Suk Hing CHAN	"CHAN, Donna Suk Hing"
Joanna Yang LIU	"LIU, Joanna Yang"
Chenhao WANG	"WANG, Chenhao"
Alen Jinlin XIE	"XIE, Alen Jinlin"
Wilson Xinbao LI	"LI, Wilson Xinbao"
Fei DAI	"DAI, Fei"
Jingya LI	"LI, Jingya"
Yufeng Lin	"Lin, Yufeng"
Yi YANG	"YANG, Yi"
Ruixue ZHANG	"ZHANG, Ruixue"
Fan BAI	"BAI, Fan"
Jingzhi ZHANG	"ZHANG, Jingzhi"
Adrien Xiaobo PU	"PU, Adrien Xiaobo"
Shujun WANG	"WANG, Shujun"
Johanna Clio METIVIER	"METIVIER, Johanna Clio"
Tony Lei SHI	"SHI, Tony Lei"
Xiaolong DIAO	"DIAO, Xiaolong"
Siyuan TIAN	"TIAN, Siyuan"
Xiebing SONG	"SONG, Xiebing"
Zhijian LI	"LI, Zhijian"
Fei FAN	"FAN, Fei"
An-Hsiang LIU	"LIU, An-Hsiang"
Jessica Zhimin TIAN	"TIAN, Jessica Zhimin"
Hazel Qiaoyu GUO	"GUO, Hazel Qiaoyu"
Patrick Peng WANG	"WANG, Patrick Peng"
Wei ZHANG	"ZHANG, Wei"
Jamie Jia DONG	"DONG, Jamie Jia"
Tenglong WAN	"WAN, Tenglong"
Donald Jean BOLDUC	"BOLDUC, Donald Jean"
Xiao DONG	"DONG, Xiao"
Moke LI	"LI, Moke"
Jue WANG	"WANG, Jue"
Connie Wei LAI	"LAI, Connie Wei"
Yaqian TAN	"TAN, Yaqian"
Richard Xiaying XU	"XU, Richard Xiaying"
Dan WANG	"WANG, Dan"
Danni ZHENG	"ZHENG, Danni"
Craig COOPER	"COOPER, Craig"
Zia Ziyan LI	"LI, Zia Ziyan"
Ning XIAO	"XIAO, Ning"
Oi King Carolyn BUTT	"BUTT, Oi King Carolyn"
Hua HUANG	"HUANG, Hua"
Michal VAVRIK	"VAVRIK, Michal"
Chenguang HU	"HU, Chenguang"
Zhenqian CHEN	"CHEN, Zhenqian"
Hao-che CHEN	"CHEN, Hao-che"
Sherry Zhefang ZHOU	"ZHOU, Sherry Zhefang"
Ho-Kai CHAN	"CHAN, Ho-Kai"
Ka Hang WONG	"WONG, Ka Hang"
Tianhao ZHI	"ZHI, Tianhao"
Terry Huajun YE	"YE, Terry Huajun"
Ice Rongzhen YANG	"YANG, Ice Rongzhen"
Debbie Yuk Fun LAW	"LAW, Debbie Yuk Fun"
Jianxiong GUO	"GUO, Jianxiong"
Yaming LIU	"LIU, Yaming"
Milen JISSOV	"JISSOV, Milen"
Ghee Wee HO	"HO, Ghee Wee"
Andrew William PEAT	"PEAT, Andrew William"
Xiaoli FENG	"FENG, Xiaoli"
Cheng-lin KO	"KO, Cheng-lin"
Claudia Sau King CHOW	"CHOW, Claudia Sau King"
Arthur Fanglong XU	"XU, Arthur Fanglong"
Yingcan ZHAO	"ZHAO, Yingcan"
Qidong YUN	"YUN, Qidong"
Kris AngCheng HO	"HO, Kris AngCheng"
Wei Chin WONG	"WONG, Wei Chin"
Lily He BAI	"BAI, Lily He"
Olivia Xinying KONG	"KONG, Olivia Xinying"
Iceman Hoi Yung LEUNG	"LEUNG, Iceman Hoi Yung"
Timothy Jingjin WU	"WU, Timothy Jingjin"
Jiamin TAN	"TAN, Jiamin"
Minghua HOU	"HOU, Minghua"
Zijian WANG	"WANG, Zijian"
Yanyan JI	"JI, Yanyan"
Zongwei LUO	"LUO, Zongwei"
Shumin MA	"MA, Shumin"
Kwok Yue Fan	"Fan, Kwok Yue"
Peng GAO	"GAO, Peng"
Jie WANG	"WANG, Jie"
Vincent Hing Po LAM	"LAM, Vincent Hing Po"
Lily PeiTzu LEE	"LEE, Lily PeiTzu"
Markus Georg Thomas HEIDINGSFELDER	"HEIDINGSFELDER, Markus Georg Thomas"
May Chan YUEN	"YUEN, May Chan"
Yuan-Chih KUNG	"KUNG, Yuan-Chih"
Ming NI	"NI, Ming"
Chia-Ying YEH	"YEH, Chia-Ying"
Zishan ZHOU	"ZHOU, Zishan"
Hao SHI	"SHI, Hao"
SanHo Suet POON	"POON, SanHo Suet"
Mengmeng LIU	"LIU, Mengmeng"
Giuliano CASTAGNA	"CASTAGNA, Giuliano"
Minqin MA	"MA, Minqin"
Xuan NING	"NING, Xuan"
Young Yang LIU	"LIU, Young Yang"
Holger Mathias BRIEL	"BRIEL, Holger Mathias"
Edgar Kee-Wang YUEN	"YUEN, Edgar Kee-Wang"
Robby ChangZhi BA	"BA, Robby ChangZhi"
Tony Khac DINH	"DINH, Tony Khac"
Charles David LOWE	"LOWE, Charles David"
Twinkle Shuangzhi LIANG	"LIANG, Twinkle Shuangzhi"
Weiwei SUN	"SUN, Weiwei"
Benjamin BARBER	"BARBER, Benjamin"